,x,y
Acanthisittidae,50.525400946309766,6.532524585487681
Acanthizidae,6.324220912324419,38.825075330376805
Accipitridae,3.181571638390315,-27.878979331574453
Aegithalidae,14.825439246640524,24.218900531365012
Aegothelidae,-30.359406553849855,-41.943822798110354
Alaudidae,8.29794324686609,18.78206118062924
Alcedinidae,-39.270769928322046,-2.3048636869504313
Alcidae,1.7584608063655816,-54.383790005293626
Anatidae,-77.40580521676762,-2.480590042067164
Anhimidae,-65.4569772831122,-45.86288043916953
Anhingidae,33.652497617781165,-43.8464809271258
Anseranatidae,-75.70525571859228,12.723467850699302
Apodidae,-21.040924787694887,-51.50791863995549
Apterygidae,-81.37122601061809,58.108892840554134
Aramidae,-39.017454761290956,-20.78559796078097
Ardeidae,31.566073935805576,-37.42955771591977
Artamidae,33.566676772004875,21.721231104074423
Balaenicipitidae,35.418589445961096,-34.15190765571427
Bombycillidae,25.617875359139944,32.082955177769065
Brachypteraciidae,-29.5085443147829,11.168065335126613
Bucconidae,-40.80270977417152,3.014765085594869
Bucerotidae,-22.592165844644434,-8.566276472370191
Bucorvidae,-24.600571419150743,-5.987828685908078
Burhinidae,14.137973590249768,-51.87987714843669
Cacatuidae,-19.138491840216783,40.97824503006183
Callaeidae,36.01215344925467,23.982078458686562
Campephagidae,29.01629807025285,14.592357146490995
Caprimulgidae,-24.53370810603348,-48.46617481224308
Cariamidae,-29.022227859725763,29.66492722993389
Casuariidae,-64.23479988261364,76.59345817118958
Cathartidae,-28.450494208917647,34.705305790244445
Certhiidae,25.69168963837347,34.60232200996467
Cettiidae,11.59832503470941,25.052763902992563
Charadriidae,-14.91212482751498,-41.80512263335807
Chionididae,11.941011244055936,-54.65013551399459
Ciconiidae,14.370393095808247,-36.32465739843379
Cinclidae,9.718789491807255,30.574638463311405
Cisticolidae,47.84036245570624,-3.6475398361301608
Climacteridae,13.340496365121657,7.75360138598643
Coliidae,-11.815893249900583,-19.622332064147948
Columbidae,51.08234698958015,-33.42756555658961
Conopophagidae,49.46409106753017,0.17708342390967644
Coraciidae,-29.55785008577153,16.958091419665845
Corcoracidae,29.799548858540767,20.643957257149605
Corvidae,32.03591066467315,18.063412440785935
Cotingidae,36.23287292153693,-7.30701559093104
Cracidae,-75.90369652737427,-18.71245125712171
Cuculidae,-44.92244255977623,-14.254149380992057
Dasyornithidae,19.270663838976784,8.915669356429099
Dicaeidae,11.729426116828458,34.46918552508494
Dicruridae,34.927435820156084,25.68800869292809
Dinornithidae,-58.788545558213386,80.89856772469639
Diomedeidae,28.92682455749727,-47.55395109206245
Dromadidae,3.3223868399611463,-46.490907183078164
Emberizidae,17.078227807318566,37.4634060761261
Emeidae,-69.72045277430273,71.5133662644397
Estrildidae,22.271429167910558,35.81945534399034
Eurylaimidae,30.479174380507754,-9.645055076665509
Eurypygidae,-20.397027920314006,-28.885818731845703
Falconidae,44.26578171863695,-23.72699223800541
Formicariidae,13.216856893676136,-10.71730137461187
Fregatidae,25.862651828351552,-35.30531979101287
Fringillidae,15.261958562634549,37.01464346735737
Furnariidae,27.205505656261693,-9.630956475471672
Galbulidae,-40.19202348134852,6.070547346848108
Gaviidae,41.45423313037968,-32.47698328633875
Glareolidae,5.71789758828049,-53.83222721553158
Gruidae,-36.719977316941126,-23.283015690405925
Haematopodidae,-15.156590792293294,-46.000849455118775
Heliornithidae,-29.491743096340194,-32.411954628313715
Hirundinidae,17.32182979347439,22.059723255185734
Hydrobatidae,22.361455841748572,-49.69295598542934
Icteridae,19.19083425664222,36.76730052817656
Indicatoridae,-39.852137953153175,12.298690519932661
Irenidae,12.248353354849558,37.39824593622079
Jacanidae,-7.524670708319584,-49.61236754346688
Laniidae,31.174344032052748,23.713107037985573
Laridae,2.464929397412013,-51.31226748004242
Leiothrichidae,7.085909119765113,21.297242400460124
Locustellidae,8.556169731990362,23.66925622829291
Lybiidae,-35.69762024543081,17.425918998935924
Malaconotidae,31.661893214551924,26.4394161642219
Maluridae,0.9254905600367929,29.818415793632848
Megalaimidae,-38.55506453951104,16.59049784735069
Megapodiidae,-74.02204237323525,-26.500147362936797
Melanocharitidae,31.87848869940322,15.395780147171928
Meliphagidae,31.162148527927954,34.09453166465503
Menuridae,-1.4899322273707327,16.703897486138025
Meropidae,-30.08743732110887,5.793427480824064
Mimidae,20.79043150487327,27.813884113638323
Momotidae,-35.03848346589375,-0.7705528388711055
Monarchidae,36.41480472966445,21.730686056301753
Motacillidae,5.751017381639849,-7.309296234003578
Muscicapidae,7.045767852651934,32.43023423531322
Musophagidae,52.65869672237469,-26.76888768114688
Nectariniidae,14.532026723368926,30.83292236229861
Numididae,-72.2232313233005,-31.693664220846273
Nyctibiidae,56.657653003792966,-20.06256104470087
Odontophoridae,-76.89017110731741,-11.877813777310116
Otididae,-35.836899077729655,33.633075742688504
Pachycephalidae,50.9512969510421,9.841765853895362
Paradisaeidae,28.905435876908626,17.177572510371174
Pardalotidae,2.850048165047029,35.14598894501085
Paridae,6.346011044739219,28.341017232411858
Parulidae,18.388502186321542,37.23663887244699
Passeridae,20.604744619816476,34.33974631013986
Pedionomidae,-7.082250885480475,-53.479681234492396
Pelecanidae,27.19973967186139,-41.3549385055849
Pellorneidae,11.223834758526976,20.929609374317817
Petroicidae,49.92717000521434,3.45991664322998
Phaethontidae,-37.11390887901478,27.67573567415814
Phalacrocoracidae,36.515421258515765,-41.60595827174979
Phasianidae,-77.18508804898109,0.9600623367778864
Phoenicopteridae,-39.347126026130326,-35.93927524439112
Phoeniculidae,-26.88353648134033,-13.542787276152119
Phylloscopidae,10.018917892805836,16.81960621336063
Picathartidae,21.40426619351287,14.223107925570622
Picidae,-36.886891597813396,11.885886874971856
Pipridae,23.306530066344926,-10.075045714553564
Pittidae,43.76192288801542,-0.46333044090688313
Platysteiridae,34.581045200514374,17.29871351493458
Ploceidae,18.34365213616059,32.61148571172175
Podargidae,46.25889018117771,-36.18493076778948
Podicipedidae,-37.03342691570838,-40.11521955065883
Procellariidae,25.28187765248609,-48.06770610203886
Psittacidae,-21.03254525922625,37.43041764950798
Psittaculidae,-20.263436573635165,39.224724803898496
Psophiidae,-32.925171542588686,-27.218739951599375
Pteroclidae,-43.03783755840219,-28.83335700197883
Ptilonorhynchidae,24.140001287748547,8.092601580146061
Pycnonotidae,15.525014714511189,16.364353546742326
Rallidae,-26.001556525672246,-35.8310378618704
Ramphastidae,-35.000885042158366,20.037043928012363
Recurvirostridae,-9.801525568930597,-39.375610782656835
Rheidae,-42.49976515161919,91.03284735057167
Rhinocryptidae,39.41946807633352,-6.10165931385463
Rhipiduridae,34.230143718767614,27.703371001748707
Rhynochetidae,-16.706758182580614,-30.5072306233433
Rostratulidae,-10.006913848974039,-51.78104318196442
Sagittariidae,50.35194832484666,-20.399298255730848
Scolopacidae,-4.594558610528687,-44.94353261145419
Sittidae,24.15712814598632,29.381198118500187
Spheniscidae,19.364864237774654,-44.082433790877545
Stenostiridae,5.063602739644133,25.630548979797275
Stercorariidae,6.952482463697072,-49.00138577461698
Strigidae,-6.466859577748229,-23.93951500758956
Struthionidae,-26.14926470453319,97.63513974493117
Sturnidae,22.122508227738845,24.394042961375515
Sulidae,38.61097519454872,-38.57317145952115
Sylviidae,14.201623755994078,19.091345952556832
Thamnophilidae,41.121318274790205,-4.31017912900243
Thinocoridae,-5.082539747585693,-52.87788515969787
Thraupidae,17.11700519087615,35.90888475819605
Threskiornithidae,20.08284475689757,-37.61681022290808
Timaliidae,18.070430263865717,18.91256947560118
Tinamidae,-88.54733730604568,46.91972407040016
Todidae,-29.595326948589644,0.47261570408477716
Trochilidae,-27.303116051188,-45.42531026795971
Trogonidae,-37.35395008555355,-8.549447852365665
Turdidae,8.406215881404597,34.54380260076488
Turnicidae,2.2850384762439324,-40.893259113139315
Tyrannidae,33.90282267390571,-8.095413778867327
Tytonidae,-17.25964373051391,-17.625607989950982
Upupidae,-31.035722004752355,-10.560440835084613
Vangidae,32.38715287317182,28.910496747497668
Vireonidae,35.78546951519686,19.454854542557232
Zosteropidae,12.447458134917749,15.793882575301854
